serial,00bkg,01hands,02mouth,03face,04accessory,dna
0,bg1,hands3,mouth3,face1,hat2,bg1--hands3--mouth3--face1--hat2
1,bg4,hands1,mouth2,face3,hat3,bg4--hands1--mouth2--face3--hat3
2,bg1,hands3,NONE,face3,hat3,bg1--hands3--NONE--face3--hat3
3,bg1,hands2,mouth1,face1,hat2,bg1--hands2--mouth1--face1--hat2
4,bg4,hands3,NONE,face2,hat2,bg4--hands3--NONE--face2--hat2
5,bg3,hands3,mouth1,face2,hat3,bg3--hands3--mouth1--face2--hat3
6,bg2,hands1,mouth1,face3,hat3,bg2--hands1--mouth1--face3--hat3
7,bg2,hands1,mouth1,face2,hat1,bg2--hands1--mouth1--face2--hat1
8,bg2,hands2,NONE,face3,hat3,bg2--hands2--NONE--face3--hat3
9,bg1,hands3,NONE,face1,hat4,bg1--hands3--NONE--face1--hat4
10,bg2,hands2,mouth1,face1,hat1,bg2--hands2--mouth1--face1--hat1
11,bg2,hands1,mouth2,face2,hat1,bg2--hands1--mouth2--face2--hat1
12,bg4,hands1,NONE,face2,hat3,bg4--hands1--NONE--face2--hat3
13,bg4,hands2,mouth2,face3,hat1,bg4--hands2--mouth2--face3--hat1
14,bg1,hands1,mouth3,face1,hat1,bg1--hands1--mouth3--face1--hat1
15,bg2,hands2,mouth1,face3,hat1,bg2--hands2--mouth1--face3--hat1
16,bg2,hands3,mouth3,face1,hat2,bg2--hands3--mouth3--face1--hat2
17,bg1,hands3,mouth1,face2,hat1,bg1--hands3--mouth1--face2--hat1
18,bg1,hands2,NONE,face3,hat3,bg1--hands2--NONE--face3--hat3
19,bg1,hands3,mouth3,face2,hat3,bg1--hands3--mouth3--face2--hat3
20,bg2,hands1,mouth2,face2,hat2,bg2--hands1--mouth2--face2--hat2
21,bg1,hands3,mouth2,face2,hat1,bg1--hands3--mouth2--face2--hat1
22,bg4,hands2,mouth2,face2,hat1,bg4--hands2--mouth2--face2--hat1
23,bg2,hands3,mouth3,face2,hat3,bg2--hands3--mouth3--face2--hat3
24,bg3,hands1,mouth1,face2,hat3,bg3--hands1--mouth1--face2--hat3
25,bg2,hands2,mouth3,face1,hat3,bg2--hands2--mouth3--face1--hat3
26,bg3,hands2,mouth3,face2,hat1,bg3--hands2--mouth3--face2--hat1
27,bg3,hands3,mouth1,face2,hat4,bg3--hands3--mouth1--face2--hat4
28,bg1,hands3,mouth3,face2,hat4,bg1--hands3--mouth3--face2--hat4
29,bg4,hands2,mouth1,face2,hat2,bg4--hands2--mouth1--face2--hat2
30,bg3,hands3,NONE,face3,hat1,bg3--hands3--NONE--face3--hat1
31,bg1,hands2,mouth3,face3,hat4,bg1--hands2--mouth3--face3--hat4
32,bg4,hands2,mouth3,face1,hat3,bg4--hands2--mouth3--face1--hat3
33,bg4,hands3,mouth1,face3,hat4,bg4--hands3--mouth1--face3--hat4
34,bg1,hands1,mouth1,face2,hat2,bg1--hands1--mouth1--face2--hat2
35,bg4,hands1,mouth2,face3,hat4,bg4--hands1--mouth2--face3--hat4
36,bg1,hands2,mouth3,face3,hat2,bg1--hands2--mouth3--face3--hat2
37,bg4,hands3,mouth2,face2,hat4,bg4--hands3--mouth2--face2--hat4
38,bg3,hands3,mouth2,face1,hat2,bg3--hands3--mouth2--face1--hat2
39,bg3,hands2,mouth2,face3,hat3,bg3--hands2--mouth2--face3--hat3
40,bg3,hands3,mouth1,face1,hat4,bg3--hands3--mouth1--face1--hat4
41,bg2,hands2,mouth2,face1,hat3,bg2--hands2--mouth2--face1--hat3
42,bg3,hands1,mouth1,face1,hat1,bg3--hands1--mouth1--face1--hat1
43,bg3,hands1,mouth2,face3,hat4,bg3--hands1--mouth2--face3--hat4
44,bg1,hands3,mouth1,face2,hat2,bg1--hands3--mouth1--face2--hat2
45,bg2,hands2,NONE,face3,hat1,bg2--hands2--NONE--face3--hat1
46,bg3,hands3,mouth3,face2,hat3,bg3--hands3--mouth3--face2--hat3
47,bg4,hands2,mouth1,face3,hat4,bg4--hands2--mouth1--face3--hat4
48,bg3,hands3,mouth2,face2,hat2,bg3--hands3--mouth2--face2--hat2
49,bg4,hands2,mouth1,face1,hat3,bg4--hands2--mouth1--face1--hat3
50,bg2,hands1,mouth1,face1,hat4,bg2--hands1--mouth1--face1--hat4
51,bg4,hands1,mouth2,face3,hat1,bg4--hands1--mouth2--face3--hat1
52,bg2,hands3,mouth1,face1,hat3,bg2--hands3--mouth1--face1--hat3
53,bg2,hands2,mouth1,face3,hat3,bg2--hands2--mouth1--face3--hat3
54,bg3,hands1,mouth1,face3,hat2,bg3--hands1--mouth1--face3--hat2
55,bg4,hands1,mouth2,face1,hat2,bg4--hands1--mouth2--face1--hat2
56,bg2,hands1,mouth2,face3,hat1,bg2--hands1--mouth2--face3--hat1
57,bg4,hands1,mouth2,face3,hat2,bg4--hands1--mouth2--face3--hat2
58,bg1,hands3,mouth1,face1,hat4,bg1--hands3--mouth1--face1--hat4
59,bg4,hands3,mouth1,face2,hat2,bg4--hands3--mouth1--face2--hat2
60,bg3,hands3,mouth1,face2,hat1,bg3--hands3--mouth1--face2--hat1
61,bg1,hands1,mouth2,face2,hat2,bg1--hands1--mouth2--face2--hat2
62,bg4,hands3,mouth1,face1,hat4,bg4--hands3--mouth1--face1--hat4
63,bg4,hands2,NONE,face1,hat3,bg4--hands2--NONE--face1--hat3
64,bg2,hands1,mouth2,face3,hat4,bg2--hands1--mouth2--face3--hat4
65,bg3,hands1,NONE,face3,hat4,bg3--hands1--NONE--face3--hat4
66,bg1,hands1,mouth2,face1,hat4,bg1--hands1--mouth2--face1--hat4
67,bg3,hands3,mouth2,face3,hat3,bg3--hands3--mouth2--face3--hat3
68,bg3,hands2,NONE,face2,hat4,bg3--hands2--NONE--face2--hat4
69,bg3,hands2,mouth2,face3,hat4,bg3--hands2--mouth2--face3--hat4
70,bg2,hands2,mouth1,face3,hat2,bg2--hands2--mouth1--face3--hat2
71,bg1,hands3,NONE,face1,hat2,bg1--hands3--NONE--face1--hat2
72,bg3,hands1,NONE,face3,hat3,bg3--hands1--NONE--face3--hat3
73,bg1,hands2,NONE,face1,hat2,bg1--hands2--NONE--face1--hat2
74,bg4,hands3,mouth3,face2,hat4,bg4--hands3--mouth3--face2--hat4
75,bg2,hands1,mouth2,face2,hat4,bg2--hands1--mouth2--face2--hat4
76,bg3,hands2,mouth2,face1,hat1,bg3--hands2--mouth2--face1--hat1
77,bg4,hands3,NONE,face2,hat4,bg4--hands3--NONE--face2--hat4
78,bg3,hands1,mouth1,face3,hat4,bg3--hands1--mouth1--face3--hat4
79,bg3,hands3,mouth2,face2,hat4,bg3--hands3--mouth2--face2--hat4
80,bg2,hands3,mouth3,face1,hat1,bg2--hands3--mouth3--face1--hat1
81,bg2,hands1,NONE,face2,hat4,bg2--hands1--NONE--face2--hat4
82,bg2,hands2,mouth2,face3,hat2,bg2--hands2--mouth2--face3--hat2
83,bg1,hands3,mouth3,face2,hat1,bg1--hands3--mouth3--face2--hat1
84,bg4,hands3,mouth1,face1,hat1,bg4--hands3--mouth1--face1--hat1
85,bg4,hands1,mouth1,face3,hat2,bg4--hands1--mouth1--face3--hat2
86,bg2,hands2,NONE,face3,hat4,bg2--hands2--NONE--face3--hat4
87,bg2,hands3,NONE,face2,hat1,bg2--hands3--NONE--face2--hat1
88,bg3,hands2,mouth1,face1,hat1,bg3--hands2--mouth1--face1--hat1
89,bg3,hands2,mouth1,face3,hat3,bg3--hands2--mouth1--face3--hat3
90,bg4,hands3,mouth2,face3,hat3,bg4--hands3--mouth2--face3--hat3
91,bg2,hands3,mouth2,face1,hat4,bg2--hands3--mouth2--face1--hat4
92,bg4,hands2,mouth1,face3,hat3,bg4--hands2--mouth1--face3--hat3
93,bg1,hands1,mouth1,face3,hat1,bg1--hands1--mouth1--face3--hat1
94,bg4,hands1,mouth1,face1,hat3,bg4--hands1--mouth1--face1--hat3
95,bg2,hands1,mouth1,face1,hat1,bg2--hands1--mouth1--face1--hat1
96,bg4,hands3,mouth3,face3,hat3,bg4--hands3--mouth3--face3--hat3
97,bg1,hands2,mouth1,face3,hat1,bg1--hands2--mouth1--face3--hat1
98,bg3,hands2,mouth1,face2,hat3,bg3--hands2--mouth1--face2--hat3
99,bg3,hands1,NONE,face2,hat2,bg3--hands1--NONE--face2--hat2
100,bg3,hands2,mouth3,face1,hat2,bg3--hands2--mouth3--face1--hat2
101,bg1,hands3,mouth2,face2,hat2,bg1--hands3--mouth2--face2--hat2
102,bg1,hands2,NONE,face2,hat2,bg1--hands2--NONE--face2--hat2
103,bg1,hands1,mouth1,face3,hat3,bg1--hands1--mouth1--face3--hat3
104,bg2,hands1,NONE,face1,hat3,bg2--hands1--NONE--face1--hat3
105,bg1,hands3,mouth1,face3,hat1,bg1--hands3--mouth1--face3--hat1
106,bg1,hands1,NONE,face2,hat4,bg1--hands1--NONE--face2--hat4
107,bg2,hands1,mouth2,face2,hat3,bg2--hands1--mouth2--face2--hat3
108,bg2,hands2,mouth2,face3,hat4,bg2--hands2--mouth2--face3--hat4
109,bg2,hands3,mouth2,face3,hat3,bg2--hands3--mouth2--face3--hat3
110,bg3,hands1,mouth2,face3,hat1,bg3--hands1--mouth2--face3--hat1
111,bg2,hands2,mouth2,face1,hat2,bg2--hands2--mouth2--face1--hat2
112,bg2,hands1,mouth1,face2,hat2,bg2--hands1--mouth1--face2--hat2
113,bg4,hands2,mouth3,face2,hat3,bg4--hands2--mouth3--face2--hat3
114,bg4,hands3,mouth2,face3,hat2,bg4--hands3--mouth2--face3--hat2
115,bg2,hands3,mouth1,face2,hat2,bg2--hands3--mouth1--face2--hat2
116,bg3,hands3,mouth3,face2,hat2,bg3--hands3--mouth3--face2--hat2
117,bg3,hands3,mouth2,face1,hat4,bg3--hands3--mouth2--face1--hat4
118,bg2,hands1,NONE,face2,hat2,bg2--hands1--NONE--face2--hat2
119,bg2,hands3,NONE,face1,hat2,bg2--hands3--NONE--face1--hat2
120,bg3,hands3,NONE,face1,hat2,bg3--hands3--NONE--face1--hat2
121,bg1,hands1,NONE,face1,hat3,bg1--hands1--NONE--face1--hat3
122,bg3,hands3,mouth3,face1,hat1,bg3--hands3--mouth3--face1--hat1
123,bg2,hands1,mouth1,face1,hat2,bg2--hands1--mouth1--face1--hat2
124,bg1,hands2,mouth1,face2,hat1,bg1--hands2--mouth1--face2--hat1
125,bg3,hands2,mouth2,face2,hat4,bg3--hands2--mouth2--face2--hat4
126,bg3,hands2,mouth1,face2,hat4,bg3--hands2--mouth1--face2--hat4
127,bg4,hands1,mouth3,face3,hat4,bg4--hands1--mouth3--face3--hat4
128,bg1,hands2,mouth2,face1,hat2,bg1--hands2--mouth2--face1--hat2
129,bg3,hands1,mouth2,face3,hat3,bg3--hands1--mouth2--face3--hat3
130,bg3,hands3,NONE,face3,hat4,bg3--hands3--NONE--face3--hat4
131,bg4,hands2,mouth2,face2,hat2,bg4--hands2--mouth2--face2--hat2
132,bg1,hands2,mouth1,face2,hat4,bg1--hands2--mouth1--face2--hat4
133,bg3,hands3,mouth3,face2,hat4,bg3--hands3--mouth3--face2--hat4
134,bg4,hands1,mouth1,face3,hat3,bg4--hands1--mouth1--face3--hat3
135,bg2,hands2,NONE,face2,hat1,bg2--hands2--NONE--face2--hat1
136,bg2,hands1,mouth2,face3,hat2,bg2--hands1--mouth2--face3--hat2
137,bg1,hands1,mouth3,face3,hat3,bg1--hands1--mouth3--face3--hat3
138,bg2,hands1,mouth1,face3,hat4,bg2--hands1--mouth1--face3--hat4
139,bg1,hands2,mouth2,face3,hat1,bg1--hands2--mouth2--face3--hat1
140,bg4,hands2,mouth2,face2,hat3,bg4--hands2--mouth2--face2--hat3
141,bg3,hands2,mouth3,face3,hat1,bg3--hands2--mouth3--face3--hat1
142,bg3,hands2,mouth3,face1,hat4,bg3--hands2--mouth3--face1--hat4
143,bg2,hands2,mouth1,face2,hat4,bg2--hands2--mouth1--face2--hat4
144,bg2,hands1,mouth2,face1,hat4,bg2--hands1--mouth2--face1--hat4
145,bg2,hands1,mouth3,face3,hat1,bg2--hands1--mouth3--face3--hat1
146,bg4,hands3,mouth1,face3,hat2,bg4--hands3--mouth1--face3--hat2
147,bg3,hands1,NONE,face1,hat2,bg3--hands1--NONE--face1--hat2
148,bg4,hands1,mouth2,face1,hat1,bg4--hands1--mouth2--face1--hat1
149,bg1,hands1,mouth2,face1,hat3,bg1--hands1--mouth2--face1--hat3
150,bg1,hands1,mouth1,face1,hat3,bg1--hands1--mouth1--face1--hat3
151,bg3,hands2,NONE,face2,hat2,bg3--hands2--NONE--face2--hat2
152,bg3,hands3,mouth1,face1,hat3,bg3--hands3--mouth1--face1--hat3
153,bg4,hands1,mouth2,face2,hat3,bg4--hands1--mouth2--face2--hat3
154,bg3,hands1,mouth2,face1,hat2,bg3--hands1--mouth2--face1--hat2
155,bg2,hands1,mouth1,face3,hat2,bg2--hands1--mouth1--face3--hat2
156,bg3,hands1,mouth2,face1,hat1,bg3--hands1--mouth2--face1--hat1
157,bg3,hands2,mouth2,face1,hat3,bg3--hands2--mouth2--face1--hat3
158,bg3,hands3,mouth1,face3,hat2,bg3--hands3--mouth1--face3--hat2
159,bg4,hands1,mouth2,face2,hat1,bg4--hands1--mouth2--face2--hat1
160,bg1,hands1,mouth1,face2,hat1,bg1--hands1--mouth1--face2--hat1
161,bg3,hands1,mouth3,face2,hat4,bg3--hands1--mouth3--face2--hat4
162,bg3,hands1,mouth1,face2,hat2,bg3--hands1--mouth1--face2--hat2
163,bg4,hands1,NONE,face3,hat4,bg4--hands1--NONE--face3--hat4
164,bg4,hands3,mouth1,face1,hat3,bg4--hands3--mouth1--face1--hat3
165,bg1,hands3,mouth2,face3,hat3,bg1--hands3--mouth2--face3--hat3
166,bg4,hands2,mouth1,face1,hat1,bg4--hands2--mouth1--face1--hat1
167,bg1,hands2,mouth1,face2,hat2,bg1--hands2--mouth1--face2--hat2
168,bg3,hands3,NONE,face3,hat2,bg3--hands3--NONE--face3--hat2
169,bg4,hands2,mouth1,face1,hat2,bg4--hands2--mouth1--face1--hat2
170,bg2,hands3,NONE,face1,hat4,bg2--hands3--NONE--face1--hat4
171,bg1,hands3,mouth1,face3,hat4,bg1--hands3--mouth1--face3--hat4
172,bg1,hands2,mouth3,face2,hat4,bg1--hands2--mouth3--face2--hat4
173,bg4,hands3,mouth3,face3,hat1,bg4--hands3--mouth3--face3--hat1
174,bg4,hands3,mouth2,face1,hat2,bg4--hands3--mouth2--face1--hat2
175,bg4,hands3,mouth1,face3,hat3,bg4--hands3--mouth1--face3--hat3
176,bg1,hands2,mouth2,face2,hat2,bg1--hands2--mouth2--face2--hat2
177,bg2,hands3,mouth2,face2,hat2,bg2--hands3--mouth2--face2--hat2
178,bg2,hands2,NONE,face2,hat3,bg2--hands2--NONE--face2--hat3
179,bg1,hands1,mouth1,face1,hat1,bg1--hands1--mouth1--face1--hat1
180,bg4,hands1,mouth3,face2,hat2,bg4--hands1--mouth3--face2--hat2
181,bg3,hands1,mouth1,face3,hat1,bg3--hands1--mouth1--face3--hat1
182,bg4,hands1,mouth1,face3,hat4,bg4--hands1--mouth1--face3--hat4
183,bg1,hands3,mouth1,face1,hat1,bg1--hands3--mouth1--face1--hat1
184,bg2,hands3,NONE,face1,hat3,bg2--hands3--NONE--face1--hat3
185,bg1,hands3,mouth1,face3,hat2,bg1--hands3--mouth1--face3--hat2
186,bg3,hands1,mouth3,face1,hat3,bg3--hands1--mouth3--face1--hat3
187,bg1,hands3,mouth2,face2,hat3,bg1--hands3--mouth2--face2--hat3
188,bg3,hands2,mouth3,face2,hat4,bg3--hands2--mouth3--face2--hat4
189,bg1,hands3,mouth2,face3,hat1,bg1--hands3--mouth2--face3--hat1
190,bg2,hands3,mouth1,face3,hat2,bg2--hands3--mouth1--face3--hat2
191,bg1,hands3,mouth2,face1,hat4,bg1--hands3--mouth2--face1--hat4
192,bg1,hands2,NONE,face2,hat1,bg1--hands2--NONE--face2--hat1
193,bg4,hands1,mouth2,face2,hat2,bg4--hands1--mouth2--face2--hat2
194,bg1,hands1,mouth2,face1,hat1,bg1--hands1--mouth2--face1--hat1
195,bg1,hands2,mouth1,face1,hat4,bg1--hands2--mouth1--face1--hat4
196,bg4,hands2,mouth1,face1,hat4,bg4--hands2--mouth1--face1--hat4
197,bg2,hands2,mouth3,face2,hat4,bg2--hands2--mouth3--face2--hat4
198,bg3,hands2,mouth2,face2,hat2,bg3--hands2--mouth2--face2--hat2
199,bg1,hands3,mouth2,face3,hat2,bg1--hands3--mouth2--face3--hat2
200,bg4,hands2,mouth2,face1,hat2,bg4--hands2--mouth2--face1--hat2
201,bg3,hands2,mouth2,face2,hat3,bg3--hands2--mouth2--face2--hat3
202,bg1,hands1,NONE,face2,hat1,bg1--hands1--NONE--face2--hat1
203,bg3,hands1,NONE,face1,hat3,bg3--hands1--NONE--face1--hat3
204,bg4,hands1,mouth3,face3,hat2,bg4--hands1--mouth3--face3--hat2
205,bg4,hands1,mouth1,face1,hat2,bg4--hands1--mouth1--face1--hat2
206,bg4,hands2,mouth1,face2,hat4,bg4--hands2--mouth1--face2--hat4
207,bg1,hands2,mouth3,face2,hat1,bg1--hands2--mouth3--face2--hat1
208,bg4,hands3,mouth1,face2,hat3,bg4--hands3--mouth1--face2--hat3
209,bg3,hands3,mouth2,face3,hat4,bg3--hands3--mouth2--face3--hat4
210,bg4,hands2,NONE,face1,hat2,bg4--hands2--NONE--face1--hat2
211,bg2,hands3,NONE,face2,hat3,bg2--hands3--NONE--face2--hat3
212,bg1,hands2,mouth1,face3,hat3,bg1--hands2--mouth1--face3--hat3
213,bg4,hands1,mouth3,face2,hat4,bg4--hands1--mouth3--face2--hat4
214,bg1,hands1,mouth1,face1,hat4,bg1--hands1--mouth1--face1--hat4
215,bg2,hands2,NONE,face1,hat3,bg2--hands2--NONE--face1--hat3
216,bg3,hands3,mouth1,face2,hat2,bg3--hands3--mouth1--face2--hat2
217,bg3,hands2,mouth1,face1,hat2,bg3--hands2--mouth1--face1--hat2
218,bg2,hands2,mouth2,face2,hat4,bg2--hands2--mouth2--face2--hat4
219,bg4,hands1,mouth3,face2,hat1,bg4--hands1--mouth3--face2--hat1
220,bg4,hands3,mouth2,face2,hat3,bg4--hands3--mouth2--face2--hat3
221,bg4,hands2,NONE,face3,hat3,bg4--hands2--NONE--face3--hat3
222,bg2,hands3,NONE,face3,hat3,bg2--hands3--NONE--face3--hat3
223,bg4,hands3,NONE,face2,hat3,bg4--hands3--NONE--face2--hat3
224,bg4,hands3,NONE,face3,hat4,bg4--hands3--NONE--face3--hat4
225,bg1,hands1,NONE,face2,hat3,bg1--hands1--NONE--face2--hat3
226,bg4,hands2,NONE,face2,hat1,bg4--hands2--NONE--face2--hat1
227,bg3,hands2,mouth2,face3,hat1,bg3--hands2--mouth2--face3--hat1
228,bg4,hands3,mouth3,face1,hat1,bg4--hands3--mouth3--face1--hat1
229,bg2,hands1,mouth3,face3,hat4,bg2--hands1--mouth3--face3--hat4
230,bg3,hands3,NONE,face1,hat3,bg3--hands3--NONE--face1--hat3
231,bg2,hands1,mouth1,face2,hat3,bg2--hands1--mouth1--face2--hat3
232,bg1,hands2,mouth2,face1,hat3,bg1--hands2--mouth2--face1--hat3
233,bg2,hands3,mouth1,face3,hat4,bg2--hands3--mouth1--face3--hat4
234,bg4,hands1,mouth1,face2,hat1,bg4--hands1--mouth1--face2--hat1
235,bg4,hands2,mouth1,face3,hat1,bg4--hands2--mouth1--face3--hat1
236,bg2,hands3,mouth3,face2,hat4,bg2--hands3--mouth3--face2--hat4
237,bg1,hands2,mouth2,face3,hat3,bg1--hands2--mouth2--face3--hat3
238,bg3,hands2,mouth2,face3,hat2,bg3--hands2--mouth2--face3--hat2
239,bg1,hands3,mouth2,face1,hat1,bg1--hands3--mouth2--face1--hat1
240,bg1,hands3,NONE,face3,hat1,bg1--hands3--NONE--face3--hat1
241,bg3,hands3,mouth1,face3,hat3,bg3--hands3--mouth1--face3--hat3
242,bg4,hands1,NONE,face1,hat4,bg4--hands1--NONE--face1--hat4
243,bg3,hands2,NONE,face3,hat2,bg3--hands2--NONE--face3--hat2
244,bg1,hands3,NONE,face1,hat1,bg1--hands3--NONE--face1--hat1
245,bg3,hands3,mouth1,face1,hat2,bg3--hands3--mouth1--face1--hat2
246,bg3,hands1,NONE,face2,hat3,bg3--hands1--NONE--face2--hat3
247,bg2,hands3,mouth2,face2,hat3,bg2--hands3--mouth2--face2--hat3
248,bg1,hands2,mouth2,face1,hat4,bg1--hands2--mouth2--face1--hat4
249,bg4,hands3,mouth2,face3,hat1,bg4--hands3--mouth2--face3--hat1
250,bg1,hands1,NONE,face3,hat1,bg1--hands1--NONE--face3--hat1
251,bg2,hands1,mouth2,face1,hat1,bg2--hands1--mouth2--face1--hat1
252,bg3,hands3,mouth2,face3,hat2,bg3--hands3--mouth2--face3--hat2
253,bg4,hands1,mouth2,face1,hat3,bg4--hands1--mouth2--face1--hat3
254,bg2,hands1,mouth3,face2,hat1,bg2--hands1--mouth3--face2--hat1
255,bg3,hands3,mouth1,face3,hat1,bg3--hands3--mouth1--face3--hat1
256,bg2,hands3,mouth2,face3,hat4,bg2--hands3--mouth2--face3--hat4
257,bg2,hands3,NONE,face3,hat1,bg2--hands3--NONE--face3--hat1
258,bg3,hands2,mouth1,face3,hat4,bg3--hands2--mouth1--face3--hat4
259,bg3,hands1,mouth3,face2,hat3,bg3--hands1--mouth3--face2--hat3
260,bg1,hands3,NONE,face2,hat3,bg1--hands3--NONE--face2--hat3
261,bg2,hands2,mouth3,face3,hat3,bg2--hands2--mouth3--face3--hat3
262,bg3,hands3,mouth1,face1,hat1,bg3--hands3--mouth1--face1--hat1
263,bg2,hands3,mouth2,face3,hat2,bg2--hands3--mouth2--face3--hat2
264,bg2,hands2,mouth2,face1,hat4,bg2--hands2--mouth2--face1--hat4
265,bg4,hands3,mouth2,face3,hat4,bg4--hands3--mouth2--face3--hat4
266,bg1,hands2,mouth2,face2,hat3,bg1--hands2--mouth2--face2--hat3
267,bg3,hands2,mouth1,face3,hat2,bg3--hands2--mouth1--face3--hat2
268,bg4,hands1,NONE,face2,hat1,bg4--hands1--NONE--face2--hat1
269,bg3,hands1,mouth1,face2,hat4,bg3--hands1--mouth1--face2--hat4
270,bg4,hands3,NONE,face3,hat2,bg4--hands3--NONE--face3--hat2
271,bg1,hands2,NONE,face3,hat4,bg1--hands2--NONE--face3--hat4
272,bg1,hands1,mouth3,face2,hat3,bg1--hands1--mouth3--face2--hat3
273,bg4,hands3,mouth2,face1,hat3,bg4--hands3--mouth2--face1--hat3
274,bg2,hands2,mouth3,face1,hat2,bg2--hands2--mouth3--face1--hat2
275,bg4,hands2,NONE,face1,hat4,bg4--hands2--NONE--face1--hat4
276,bg4,hands3,NONE,face3,hat1,bg4--hands3--NONE--face3--hat1
277,bg2,hands1,mouth3,face2,hat2,bg2--hands1--mouth3--face2--hat2
278,bg2,hands2,NONE,face3,hat2,bg2--hands2--NONE--face3--hat2
279,bg3,hands1,NONE,face2,hat4,bg3--hands1--NONE--face2--hat4
280,bg1,hands1,mouth3,face1,hat3,bg1--hands1--mouth3--face1--hat3
281,bg4,hands2,mouth2,face1,hat3,bg4--hands2--mouth2--face1--hat3
282,bg2,hands3,mouth1,face2,hat4,bg2--hands3--mouth1--face2--hat4
283,bg1,hands3,mouth3,face3,hat3,bg1--hands3--mouth3--face3--hat3
284,bg2,hands3,mouth1,face3,hat3,bg2--hands3--mouth1--face3--hat3
285,bg3,hands3,mouth3,face2,hat1,bg3--hands3--mouth3--face2--hat1
286,bg1,hands1,NONE,face3,hat3,bg1--hands1--NONE--face3--hat3
287,bg2,hands2,mouth1,face1,hat4,bg2--hands2--mouth1--face1--hat4
288,bg1,hands3,mouth1,face1,hat3,bg1--hands3--mouth1--face1--hat3
289,bg4,hands3,mouth1,face1,hat2,bg4--hands3--mouth1--face1--hat2
290,bg2,hands1,NONE,face3,hat3,bg2--hands1--NONE--face3--hat3
291,bg4,hands3,NONE,face1,hat4,bg4--hands3--NONE--face1--hat4
292,bg3,hands2,mouth2,face2,hat1,bg3--hands2--mouth2--face2--hat1
293,bg1,hands2,NONE,face1,hat1,bg1--hands2--NONE--face1--hat1
294,bg4,hands3,mouth3,face1,hat2,bg4--hands3--mouth3--face1--hat2
295,bg3,hands3,NONE,face1,hat1,bg3--hands3--NONE--face1--hat1
296,bg4,hands2,mouth3,face1,hat2,bg4--hands2--mouth3--face1--hat2
297,bg2,hands2,mouth1,face2,hat1,bg2--hands2--mouth1--face2--hat1
298,bg3,hands3,mouth2,face2,hat1,bg3--hands3--mouth2--face2--hat1
299,bg2,hands2,NONE,face2,hat4,bg2--hands2--NONE--face2--hat4
300,bg3,hands3,mouth2,face3,hat1,bg3--hands3--mouth2--face3--hat1
301,bg1,hands2,NONE,face2,hat4,bg1--hands2--NONE--face2--hat4
302,bg3,hands3,mouth2,face2,hat3,bg3--hands3--mouth2--face2--hat3
303,bg3,hands1,mouth1,face1,hat4,bg3--hands1--mouth1--face1--hat4
304,bg2,hands1,NONE,face1,hat4,bg2--hands1--NONE--face1--hat4
305,bg4,hands2,mouth1,face2,hat1,bg4--hands2--mouth1--face2--hat1
306,bg4,hands1,NONE,face1,hat2,bg4--hands1--NONE--face1--hat2
307,bg2,hands3,mouth2,face2,hat1,bg2--hands3--mouth2--face2--hat1
308,bg1,hands1,NONE,face1,hat1,bg1--hands1--NONE--face1--hat1
309,bg1,hands1,mouth3,face2,hat1,bg1--hands1--mouth3--face2--hat1
310,bg1,hands2,mouth1,face3,hat2,bg1--hands2--mouth1--face3--hat2
311,bg4,hands3,mouth3,face1,hat4,bg4--hands3--mouth3--face1--hat4
312,bg1,hands2,mouth2,face2,hat4,bg1--hands2--mouth2--face2--hat4
313,bg2,hands3,NONE,face2,hat4,bg2--hands3--NONE--face2--hat4
314,bg3,hands1,mouth2,face2,hat4,bg3--hands1--mouth2--face2--hat4
315,bg4,hands3,NONE,face1,hat1,bg4--hands3--NONE--face1--hat1
316,bg4,hands2,NONE,face2,hat3,bg4--hands2--NONE--face2--hat3
317,bg2,hands2,mouth3,face2,hat2,bg2--hands2--mouth3--face2--hat2
318,bg2,hands3,mouth2,face3,hat1,bg2--hands3--mouth2--face3--hat1
319,bg3,hands2,mouth3,face1,hat1,bg3--hands2--mouth3--face1--hat1
320,bg3,hands3,mouth3,face3,hat4,bg3--hands3--mouth3--face3--hat4
321,bg1,hands3,mouth2,face2,hat4,bg1--hands3--mouth2--face2--hat4
322,bg3,hands1,mouth2,face3,hat2,bg3--hands1--mouth2--face3--hat2
323,bg1,hands1,NONE,face3,hat2,bg1--hands1--NONE--face3--hat2
324,bg1,hands3,mouth2,face1,hat3,bg1--hands3--mouth2--face1--hat3
325,bg4,hands3,mouth3,face2,hat3,bg4--hands3--mouth3--face2--hat3
326,bg3,hands1,mouth1,face1,hat2,bg3--hands1--mouth1--face1--hat2
327,bg3,hands2,NONE,face1,hat1,bg3--hands2--NONE--face1--hat1
328,bg3,hands1,mouth3,face1,hat2,bg3--hands1--mouth3--face1--hat2
329,bg2,hands2,mouth2,face3,hat3,bg2--hands2--mouth2--face3--hat3
330,bg3,hands2,mouth1,face2,hat1,bg3--hands2--mouth1--face2--hat1
331,bg2,hands1,mouth3,face2,hat3,bg2--hands1--mouth3--face2--hat3
332,bg4,hands2,mouth2,face1,hat1,bg4--hands2--mouth2--face1--hat1
333,bg4,hands2,mouth2,face1,hat4,bg4--hands2--mouth2--face1--hat4
334,bg1,hands3,mouth1,face2,hat3,bg1--hands3--mouth1--face2--hat3
335,bg2,hands1,NONE,face1,hat2,bg2--hands1--NONE--face1--hat2
336,bg4,hands2,NONE,face3,hat2,bg4--hands2--NONE--face3--hat2
337,bg1,hands2,mouth2,face2,hat1,bg1--hands2--mouth2--face2--hat1
338,bg1,hands1,NONE,face1,hat4,bg1--hands1--NONE--face1--hat4
339,bg3,hands1,mouth1,face2,hat1,bg3--hands1--mouth1--face2--hat1
340,bg3,hands1,mouth3,face3,hat3,bg3--hands1--mouth3--face3--hat3
341,bg3,hands2,NONE,face1,hat4,bg3--hands2--NONE--face1--hat4
342,bg1,hands2,mouth1,face1,hat3,bg1--hands2--mouth1--face1--hat3
343,bg2,hands1,mouth1,face2,hat4,bg2--hands1--mouth1--face2--hat4
344,bg4,hands2,mouth3,face3,hat4,bg4--hands2--mouth3--face3--hat4
345,bg3,hands2,mouth2,face1,hat4,bg3--hands2--mouth2--face1--hat4
346,bg4,hands2,mouth2,face3,hat2,bg4--hands2--mouth2--face3--hat2
347,bg4,hands1,NONE,face3,hat3,bg4--hands1--NONE--face3--hat3
348,bg2,hands3,mouth1,face1,hat1,bg2--hands3--mouth1--face1--hat1
349,bg4,hands1,mouth2,face1,hat4,bg4--hands1--mouth2--face1--hat4
350,bg4,hands3,mouth1,face2,hat1,bg4--hands3--mouth1--face2--hat1
351,bg1,hands1,mouth1,face2,hat4,bg1--hands1--mouth1--face2--hat4
352,bg3,hands2,mouth1,face2,hat2,bg3--hands2--mouth1--face2--hat2
353,bg2,hands1,mouth1,face3,hat1,bg2--hands1--mouth1--face3--hat1
354,bg1,hands1,mouth3,face1,hat2,bg1--hands1--mouth3--face1--hat2
355,bg1,hands3,mouth3,face1,hat1,bg1--hands3--mouth3--face1--hat1
356,bg2,hands2,mouth2,face1,hat1,bg2--hands2--mouth2--face1--hat1
357,bg1,hands1,mouth1,face1,hat2,bg1--hands1--mouth1--face1--hat2
358,bg3,hands3,mouth1,face3,hat4,bg3--hands3--mouth1--face3--hat4
359,bg1,hands3,mouth1,face2,hat4,bg1--hands3--mouth1--face2--hat4
360,bg2,hands3,NONE,face3,hat2,bg2--hands3--NONE--face3--hat2
361,bg4,hands2,NONE,face2,hat2,bg4--hands2--NONE--face2--hat2
362,bg2,hands1,mouth2,face1,hat2,bg2--hands1--mouth2--face1--hat2
363,bg2,hands2,NONE,face1,hat4,bg2--hands2--NONE--face1--hat4
364,bg1,hands2,mouth3,face1,hat3,bg1--hands2--mouth3--face1--hat3
365,bg3,hands3,NONE,face2,hat1,bg3--hands3--NONE--face2--hat1
366,bg1,hands2,mouth1,face3,hat4,bg1--hands2--mouth1--face3--hat4
367,bg1,hands1,NONE,face2,hat2,bg1--hands1--NONE--face2--hat2
368,bg4,hands2,mouth1,face2,hat3,bg4--hands2--mouth1--face2--hat3
369,bg3,hands2,mouth1,face3,hat1,bg3--hands2--mouth1--face3--hat1
370,bg1,hands3,mouth1,face1,hat2,bg1--hands3--mouth1--face1--hat2
371,bg1,hands2,mouth2,face3,hat2,bg1--hands2--mouth2--face3--hat2
372,bg3,hands2,mouth3,face2,hat2,bg3--hands2--mouth3--face2--hat2
373,bg4,hands3,mouth2,face2,hat2,bg4--hands3--mouth2--face2--hat2
374,bg2,hands1,NONE,face3,hat1,bg2--hands1--NONE--face3--hat1
375,bg1,hands1,mouth3,face1,hat4,bg1--hands1--mouth3--face1--hat4
376,bg4,hands2,mouth3,face3,hat1,bg4--hands2--mouth3--face3--hat1
377,bg2,hands2,mouth1,face1,hat2,bg2--hands2--mouth1--face1--hat2
378,bg3,hands2,mouth1,face1,hat4,bg3--hands2--mouth1--face1--hat4
379,bg1,hands3,mouth2,face3,hat4,bg1--hands3--mouth2--face3--hat4
380,bg1,hands1,mouth2,face2,hat4,bg1--hands1--mouth2--face2--hat4
381,bg4,hands2,NONE,face2,hat4,bg4--hands2--NONE--face2--hat4
382,bg2,hands3,mouth2,face2,hat4,bg2--hands3--mouth2--face2--hat4
383,bg2,hands2,mouth1,face2,hat2,bg2--hands2--mouth1--face2--hat2
384,bg1,hands3,NONE,face3,hat2,bg1--hands3--NONE--face3--hat2
385,bg2,hands2,mouth1,face2,hat3,bg2--hands2--mouth1--face2--hat3
386,bg2,hands3,mouth1,face2,hat3,bg2--hands3--mouth1--face2--hat3
387,bg1,hands1,mouth2,face3,hat4,bg1--hands1--mouth2--face3--hat4
388,bg1,hands1,mouth2,face1,hat2,bg1--hands1--mouth2--face1--hat2
389,bg3,hands3,NONE,face2,hat2,bg3--hands3--NONE--face2--hat2
390,bg3,hands2,mouth1,face1,hat3,bg3--hands2--mouth1--face1--hat3
391,bg3,hands1,mouth2,face2,hat2,bg3--hands1--mouth2--face2--hat2
392,bg3,hands2,mouth3,face2,hat3,bg3--hands2--mouth3--face2--hat3
393,bg3,hands1,mouth2,face2,hat3,bg3--hands1--mouth2--face2--hat3
394,bg4,hands3,mouth1,face2,hat4,bg4--hands3--mouth1--face2--hat4
395,bg2,hands1,mouth3,face1,hat1,bg2--hands1--mouth3--face1--hat1
396,bg4,hands1,mouth3,face3,hat3,bg4--hands1--mouth3--face3--hat3
397,bg1,hands1,mouth1,face2,hat3,bg1--hands1--mouth1--face2--hat3
398,bg2,hands3,mouth1,face3,hat1,bg2--hands3--mouth1--face3--hat1
399,bg3,hands1,mouth1,face1,hat3,bg3--hands1--mouth1--face1--hat3
400,bg4,hands1,mouth1,face1,hat1,bg4--hands1--mouth1--face1--hat1
401,bg4,hands3,NONE,face3,hat3,bg4--hands3--NONE--face3--hat3
402,bg2,hands3,mouth1,face2,hat1,bg2--hands3--mouth1--face2--hat1
403,bg3,hands1,NONE,face1,hat1,bg3--hands1--NONE--face1--hat1
404,bg2,hands2,mouth2,face2,hat3,bg2--hands2--mouth2--face2--hat3
405,bg3,hands2,mouth3,face3,hat3,bg3--hands2--mouth3--face3--hat3
406,bg2,hands1,mouth1,face1,hat3,bg2--hands1--mouth1--face1--hat3
407,bg1,hands1,mouth2,face2,hat1,bg1--hands1--mouth2--face2--hat1
408,bg4,hands3,mouth2,face2,hat1,bg4--hands3--mouth2--face2--hat1
409,bg3,hands2,NONE,face3,hat4,bg3--hands2--NONE--face3--hat4
410,bg4,hands1,NONE,face1,hat3,bg4--hands1--NONE--face1--hat3
411,bg4,hands1,mouth1,face2,hat3,bg4--hands1--mouth1--face2--hat3
412,bg2,hands3,mouth3,face3,hat1,bg2--hands3--mouth3--face3--hat1
413,bg3,hands2,mouth3,face1,hat3,bg3--hands2--mouth3--face1--hat3
414,bg4,hands1,NONE,face3,hat2,bg4--hands1--NONE--face3--hat2
415,bg4,hands2,NONE,face3,hat4,bg4--hands2--NONE--face3--hat4
416,bg4,hands3,mouth3,face3,hat2,bg4--hands3--mouth3--face3--hat2
417,bg4,hands1,mouth1,face2,hat4,bg4--hands1--mouth1--face2--hat4
418,bg3,hands3,NONE,face2,hat4,bg3--hands3--NONE--face2--hat4
419,bg3,hands1,mouth1,face3,hat3,bg3--hands1--mouth1--face3--hat3
420,bg2,hands2,NONE,face1,hat2,bg2--hands2--NONE--face1--hat2
421,bg1,hands2,mouth3,face1,hat1,bg1--hands2--mouth3--face1--hat1
422,bg1,hands2,NONE,face3,hat2,bg1--hands2--NONE--face3--hat2
423,bg2,hands3,mouth2,face1,hat2,bg2--hands3--mouth2--face1--hat2
424,bg2,hands3,NONE,face3,hat4,bg2--hands3--NONE--face3--hat4
425,bg1,hands1,mouth2,face2,hat3,bg1--hands1--mouth2--face2--hat3
426,bg1,hands1,mouth2,face3,hat3,bg1--hands1--mouth2--face3--hat3
427,bg4,hands1,mouth3,face2,hat3,bg4--hands1--mouth3--face2--hat3
428,bg2,hands2,NONE,face2,hat2,bg2--hands2--NONE--face2--hat2
429,bg3,hands1,mouth2,face1,hat4,bg3--hands1--mouth2--face1--hat4
430,bg2,hands3,mouth2,face1,hat1,bg2--hands3--mouth2--face1--hat1
431,bg3,hands3,mouth2,face1,hat1,bg3--hands3--mouth2--face1--hat1
432,bg2,hands1,mouth3,face2,hat4,bg2--hands1--mouth3--face2--hat4
433,bg1,hands1,mouth3,face3,hat2,bg1--hands1--mouth3--face3--hat2
434,bg3,hands2,mouth2,face1,hat2,bg3--hands2--mouth2--face1--hat2
435,bg2,hands1,mouth3,face3,hat2,bg2--hands1--mouth3--face3--hat2
436,bg4,hands3,mouth2,face1,hat1,bg4--hands3--mouth2--face1--hat1
437,bg2,hands3,mouth3,face3,hat3,bg2--hands3--mouth3--face3--hat3
438,bg1,hands3,mouth2,face1,hat2,bg1--hands3--mouth2--face1--hat2
439,bg2,hands1,mouth2,face1,hat3,bg2--hands1--mouth2--face1--hat3
440,bg3,hands1,mouth2,face1,hat3,bg3--hands1--mouth2--face1--hat3
441,bg2,hands3,mouth1,face1,hat4,bg2--hands3--mouth1--face1--hat4
442,bg1,hands1,mouth3,face3,hat4,bg1--hands1--mouth3--face3--hat4
443,bg1,hands3,mouth1,face3,hat3,bg1--hands3--mouth1--face3--hat3
444,bg3,hands3,mouth2,face1,hat3,bg3--hands3--mouth2--face1--hat3
445,bg4,hands1,NONE,face2,hat2,bg4--hands1--NONE--face2--hat2
446,bg2,hands3,NONE,face2,hat2,bg2--hands3--NONE--face2--hat2
447,bg4,hands3,mouth2,face1,hat4,bg4--hands3--mouth2--face1--hat4
448,bg3,hands3,mouth3,face1,hat4,bg3--hands3--mouth3--face1--hat4
449,bg1,hands1,mouth1,face3,hat2,bg1--hands1--mouth1--face3--hat2
450,bg1,hands3,NONE,face1,hat3,bg1--hands3--NONE--face1--hat3
451,bg3,hands3,NONE,face1,hat4,bg3--hands3--NONE--face1--hat4
452,bg4,hands1,NONE,face3,hat1,bg4--hands1--NONE--face3--hat1
453,bg1,hands1,NONE,face3,hat4,bg1--hands1--NONE--face3--hat4
454,bg4,hands2,mouth2,face3,hat4,bg4--hands2--mouth2--face3--hat4
455,bg1,hands1,mouth1,face3,hat4,bg1--hands1--mouth1--face3--hat4
456,bg4,hands3,mouth1,face3,hat1,bg4--hands3--mouth1--face3--hat1
457,bg4,hands2,mouth3,face3,hat3,bg4--hands2--mouth3--face3--hat3
458,bg4,hands1,mouth3,face1,hat4,bg4--hands1--mouth3--face1--hat4
459,bg3,hands1,mouth3,face2,hat1,bg3--hands1--mouth3--face2--hat1
460,bg1,hands2,mouth3,face3,hat1,bg1--hands2--mouth3--face3--hat1
461,bg3,hands2,mouth3,face3,hat2,bg3--hands2--mouth3--face3--hat2
462,bg1,hands3,mouth3,face3,hat2,bg1--hands3--mouth3--face3--hat2
463,bg1,hands2,mouth3,face1,hat2,bg1--hands2--mouth3--face1--hat2
464,bg4,hands3,mouth3,face2,hat2,bg4--hands3--mouth3--face2--hat2
465,bg2,hands2,mouth2,face3,hat1,bg2--hands2--mouth2--face3--hat1
466,bg4,hands3,NONE,face1,hat3,bg4--hands3--NONE--face1--hat3
467,bg1,hands2,NONE,face1,hat3,bg1--hands2--NONE--face1--hat3
468,bg3,hands3,NONE,face2,hat3,bg3--hands3--NONE--face2--hat3
469,bg3,hands2,NONE,face3,hat1,bg3--hands2--NONE--face3--hat1
470,bg2,hands2,mouth1,face3,hat4,bg2--hands2--mouth1--face3--hat4
471,bg2,hands3,mouth2,face1,hat3,bg2--hands3--mouth2--face1--hat3
472,bg1,hands2,mouth1,face2,hat3,bg1--hands2--mouth1--face2--hat3
473,bg4,hands1,mouth1,face3,hat1,bg4--hands1--mouth1--face3--hat1
474,bg1,hands2,mouth3,face2,hat3,bg1--hands2--mouth3--face2--hat3
475,bg4,hands2,mouth2,face2,hat4,bg4--hands2--mouth2--face2--hat4
476,bg1,hands2,mouth2,face1,hat1,bg1--hands2--mouth2--face1--hat1
477,bg1,hands3,mouth3,face2,hat2,bg1--hands3--mouth3--face2--hat2
478,bg1,hands3,NONE,face3,hat4,bg1--hands3--NONE--face3--hat4
479,bg2,hands2,mouth2,face2,hat1,bg2--hands2--mouth2--face2--hat1
480,bg1,hands1,NONE,face1,hat2,bg1--hands1--NONE--face1--hat2
481,bg4,hands2,NONE,face1,hat1,bg4--hands2--NONE--face1--hat1
482,bg2,hands2,mouth3,face3,hat1,bg2--hands2--mouth3--face3--hat1
483,bg3,hands1,mouth3,face1,hat1,bg3--hands1--mouth3--face1--hat1
484,bg4,hands1,NONE,face1,hat1,bg4--hands1--NONE--face1--hat1
485,bg3,hands1,NONE,face3,hat1,bg3--hands1--NONE--face3--hat1
486,bg3,hands1,mouth3,face2,hat2,bg3--hands1--mouth3--face2--hat2
487,bg1,hands2,mouth1,face1,hat1,bg1--hands2--mouth1--face1--hat1
488,bg1,hands1,mouth3,face2,hat2,bg1--hands1--mouth3--face2--hat2
489,bg4,hands3,NONE,face2,hat1,bg4--hands3--NONE--face2--hat1
490,bg1,hands1,mouth2,face3,hat2,bg1--hands1--mouth2--face3--hat2
491,bg4,hands1,mouth3,face3,hat1,bg4--hands1--mouth3--face3--hat1
492,bg4,hands2,mouth2,face3,hat3,bg4--hands2--mouth2--face3--hat3
493,bg2,hands1,NONE,face1,hat1,bg2--hands1--NONE--face1--hat1
494,bg4,hands1,mouth1,face2,hat2,bg4--hands1--mouth1--face2--hat2
495,bg3,hands1,mouth3,face1,hat4,bg3--hands1--mouth3--face1--hat4
496,bg1,hands3,mouth3,face1,hat4,bg1--hands3--mouth3--face1--hat4
497,bg1,hands2,NONE,face2,hat3,bg1--hands2--NONE--face2--hat3
498,bg4,hands1,mouth3,face1,hat3,bg4--hands1--mouth3--face1--hat3
499,bg2,hands2,mouth2,face2,hat2,bg2--hands2--mouth2--face2--hat2
500,bg4,hands2,mouth1,face3,hat2,bg4--hands2--mouth1--face3--hat2
501,bg2,hands3,mouth3,face2,hat1,bg2--hands3--mouth3--face2--hat1
502,bg2,hands1,NONE,face3,hat4,bg2--hands1--NONE--face3--hat4
503,bg4,hands2,mouth3,face1,hat1,bg4--hands2--mouth3--face1--hat1
504,bg2,hands1,NONE,face2,hat1,bg2--hands1--NONE--face2--hat1
505,bg3,hands1,mouth2,face2,hat1,bg3--hands1--mouth2--face2--hat1
